<?xml version="1.0" encoding="UTF-8"?>
<project-private xmlns="http://www.netbeans.org/ns/project-private/1">
    <editor-bookmarks xmlns="http://www.netbeans.org/ns/editor-bookmarks/2" lastBookmarkId="0"/>
    <open-files xmlns="http://www.netbeans.org/ns/projectui-open-files/2">
        <group>
            <file>file:/C:/Users/yashw/MPLABXProjects/MC_Project.X/ds1307.c</file>
            <file>file:/C:/Users/yashw/MPLABXProjects/MC_Project.X/matrix_keypad.c</file>
            <file>file:/C:/Users/yashw/MPLABXProjects/MC_Project.X/i2c.c</file>
            <file>file:/C:/Users/yashw/MPLABXProjects/MC_Project.X/adc.c</file>
            <file>file:/C:/Users/yashw/MPLABXProjects/MC_Project.X/clcd.c</file>
            <file>file:/C:/Users/yashw/MPLABXProjects/MC_Project.X/adc.h</file>
            <file>file:/C:/Users/yashw/MPLABXProjects/MC_Project.X/ex_eeprom.c</file>
            <file>file:/C:/Users/yashw/MPLABXProjects/MC_Project.X/uart.c</file>
            <file>file:/C:/Users/yashw/MPLABXProjects/MC_Project.X/ex_eeprom.h</file>
        </group>
    </open-files>
</project-private>
